{"instance-00000001": {"cpu.time": {"timestamp": 1662560728.14193, "value": 3506390000000}, "io.read_bytes": {"vda": {"timestamp": 1662560728.1469045, "value": 23308800}}, "io.read_ops": {"vda": {"timestamp": 1662560728.1469045, "value": 838}}, "io.write_bytes": {"vda": {"timestamp": 1662560728.1469045, "value": 41922560}}, "io.write_ops": {"vda": {"timestamp": 1662560728.1469045, "value": 238}}, "io.errors": {"vda": {"timestamp": 1662560728.1469045, "value": -1}}, "io.read_bytes_total_sec": {"timestamp": 1662560728.1474848, "value": 23308800}, "io.read_ops_total_sec": {"timestamp": 1662560728.147546, "value": 838}, "io.write_bytes_total_sec": {"timestamp": 1662560728.1475925, "value": 41922560}, "io.write_ops_total_sec": {"timestamp": 1662560728.1476357, "value": 238}, "io.errors_total_sec": {"timestamp": 1662560728.147678, "value": -1}, "net.rx_bytes": {"tap5c53522d-9d": {"timestamp": 1662560728.1590407, "value": 6022}}, "net.rx_packets": {"tap5c53522d-9d": {"timestamp": 1662560728.1590407, "value": 73}}, "net.rx_errors": {"tap5c53522d-9d": {"timestamp": 1662560728.1590407, "value": 0}}, "net.rx_dropped": {"tap5c53522d-9d": {"timestamp": 1662560728.1590407, "value": 0}}, "net.tx_bytes": {"tap5c53522d-9d": {"timestamp": 1662560728.1590407, "value": 2312}}, "net.tx_packets": {"tap5c53522d-9d": {"timestamp": 1662560728.1590407, "value": 30}}, "net.tx_errors": {"tap5c53522d-9d": {"timestamp": 1662560728.1590407, "value": 0}}, "net.tx_dropped": {"tap5c53522d-9d": {"timestamp": 1662560728.1590407, "value": 0}}}, "instance-00000002": {"cpu.time": {"timestamp": 1662560728.171829, "value": 311240000000}, "io.read_bytes": {"vda": {"timestamp": 1662560728.1763937, "value": 23308800}}, "io.read_ops": {"vda": {"timestamp": 1662560728.1763937, "value": 838}}, "io.write_bytes": {"vda": {"timestamp": 1662560728.1763937, "value": 1070374912}}, "io.write_ops": {"vda": {"timestamp": 1662560728.1763937, "value": 945}}, "io.errors": {"vda": {"timestamp": 1662560728.1763937, "value": -1}}, "io.read_bytes_total_sec": {"timestamp": 1662560728.1766715, "value": 23308800}, "io.read_ops_total_sec": {"timestamp": 1662560728.1767015, "value": 838}, "io.write_bytes_total_sec": {"timestamp": 1662560728.176719, "value": 1070374912}, "io.write_ops_total_sec": {"timestamp": 1662560728.1767404, "value": 945}, "io.errors_total_sec": {"timestamp": 1662560728.1767633, "value": -1}, "net.rx_bytes": {"tapf12f1f18-9b": {"timestamp": 1662560728.1865213, "value": 2382}}, "net.rx_packets": {"tapf12f1f18-9b": {"timestamp": 1662560728.1865213, "value": 21}}, "net.rx_errors": {"tapf12f1f18-9b": {"timestamp": 1662560728.1865213, "value": 0}}, "net.rx_dropped": {"tapf12f1f18-9b": {"timestamp": 1662560728.1865213, "value": 0}}, "net.tx_bytes": {"tapf12f1f18-9b": {"timestamp": 1662560728.1865213, "value": 1026}}, "net.tx_packets": {"tapf12f1f18-9b": {"timestamp": 1662560728.1865213, "value": 11}}, "net.tx_errors": {"tapf12f1f18-9b": {"timestamp": 1662560728.1865213, "value": 0}}, "net.tx_dropped": {"tapf12f1f18-9b": {"timestamp": 1662560728.1865213, "value": 0}}}, "instance-00000003": {"cpu.time": {"timestamp": 1662560728.118272, "value": 146140000000}, "io.read_bytes": {"vda": {"timestamp": 1662560728.122711, "value": 23407104}}, "io.read_ops": {"vda": {"timestamp": 1662560728.122711, "value": 861}}, "io.write_bytes": {"vda": {"timestamp": 1662560728.122711, "value": 41971712}}, "io.write_ops": {"vda": {"timestamp": 1662560728.122711, "value": 246}}, "io.errors": {"vda": {"timestamp": 1662560728.122711, "value": -1}}, "io.read_bytes_total_sec": {"timestamp": 1662560728.1229703, "value": 23407104}, "io.read_ops_total_sec": {"timestamp": 1662560728.1229963, "value": 861}, "io.write_bytes_total_sec": {"timestamp": 1662560728.1230166, "value": 41971712}, "io.write_ops_total_sec": {"timestamp": 1662560728.1230352, "value": 246}, "io.errors_total_sec": {"timestamp": 1662560728.1230526, "value": -1}, "net.rx_bytes": {"tap6cb799ff-51": {"timestamp": 1662560728.1314602, "value": 11111}}, "net.rx_packets": {"tap6cb799ff-51": {"timestamp": 1662560728.1314602, "value": 123}}, "net.rx_errors": {"tap6cb799ff-51": {"timestamp": 1662560728.1314602, "value": 0}}, "net.rx_dropped": {"tap6cb799ff-51": {"timestamp": 1662560728.1314602, "value": 0}}, "net.tx_bytes": {"tap6cb799ff-51": {"timestamp": 1662560728.1314602, "value": 9147}}, "net.tx_packets": {"tap6cb799ff-51": {"timestamp": 1662560728.1314602, "value": 78}}, "net.tx_errors": {"tap6cb799ff-51": {"timestamp": 1662560728.1314602, "value": 0}}, "net.tx_dropped": {"tap6cb799ff-51": {"timestamp": 1662560728.1314602, "value": 0}}}}